0	1
1	0
2	0
3	1
4	1
5	0
6	0
7	0
8	0
9	1
10	0
11	0
12	0
13	1
14	0
15	0
16	0
17	1
18	1
19	1
20	1
21	0
22	0
23	0
24	1
25	1
26	0
27	1
28	0
29	0
30	1
31	1
32	0
33	1
34	0
35	1
36	1
37	1
38	0
39	0
40	0
41	1
42	0
43	1
44	0
45	1
46	1
47	1
48	1
49	0
50	0
51	1
52	0
53	0
54	0
55	1
56	1
57	0
58	0
59	0
60	1
61	0
62	1
63	1
64	0
65	0
66	1
67	1
68	1
69	1
70	1
71	1
72	1
73	1
74	1
75	0
76	0
77	1
78	1
79	1
80	1
81	1
82	0
83	0
84	0
85	1
86	0
87	0
88	0
89	1
90	1
91	0
92	1
93	0
94	0
95	0
96	0
97	1
98	0
99	1
100	1
101	1
102	0
103	1
104	1
105	1
106	0
107	1
108	1
109	1
110	1
111	0
112	0
113	1
114	1
115	0
116	0
117	1
118	1
119	1
120	1
121	0
122	1
123	0
124	1
125	1
126	1
127	0
128	1
129	1
130	0
131	0
132	1
133	1
134	1
135	0
136	1
137	1
138	1
139	1
140	0
141	0
142	1
143	0
144	0
145	0
146	0
147	0
148	1
149	1
150	1
151	1
152	0
153	0
154	0
155	1
156	1
157	0
158	1
159	0
160	1
161	0
162	1
163	0
164	0
165	0
166	0
167	0
168	0
169	1
170	0
171	0
172	0
173	0
174	0
175	1
176	0
177	1
178	1
179	0
180	0
181	0
182	1
183	1
184	0
185	1
186	1
187	1
188	1
189	1
190	1
191	0
192	1
193	0
194	1
195	1
196	1
197	1
198	0
199	1
200	0
201	0
202	0
203	1
204	1
205	0
206	0
207	1
208	1
209	1
210	1
211	0
212	1
213	0
214	1
215	0
216	0
217	1
218	1
219	1
220	0
221	0
222	1
223	1
224	1
225	1
226	1
227	0
228	1
229	0
230	1
231	0
232	1
233	1
234	1
235	0
236	1
237	1
238	0
239	1
240	1
241	1
242	0
243	1
244	1
245	1
246	0
247	0
248	0
249	1
250	1
251	1
252	1
253	1
254	0
255	0
256	1
257	0
258	1
259	0
260	1
261	0
262	1
263	1
264	1
265	1
266	0
267	0
268	1
269	0
270	1
271	1
272	0
273	1
274	0
275	1
276	1
277	1
278	0
279	0
280	0
281	0
282	1
283	1
284	0
285	1
286	0
287	1
288	0
289	1
290	0
291	1
292	1
293	0
294	0
295	0
296	1
297	1
298	0
299	1
300	1
301	1
302	1
303	0
304	1
305	1
306	0
307	0
308	0
309	0
310	1
311	0
312	1
313	0
314	0
315	0
316	1
317	0
318	0
319	0
320	0
321	0
322	0
323	0
324	1
325	0
326	0
327	1
328	1
329	0
330	1
331	1
332	1
333	1
334	0
335	1
336	1
337	0
338	1
339	1
340	0
341	0
342	1
343	0
344	1
345	1
346	0
347	1
348	0
349	0
350	1
351	0
352	1
353	1
354	1
355	0
356	0
357	0
358	0
359	0
360	0
361	1
362	1
363	1
364	0
365	1
366	0
367	0
368	1
369	1
370	0
371	0
372	0
373	1
374	1
375	1
376	0
377	0
378	0
379	1
380	0
381	1
382	1
383	0
384	0
385	1
386	1
387	1
388	1
389	0
390	1
391	0
392	1
393	1
394	0
395	0
396	0
397	0
398	0
399	1
400	0
401	1
402	1
403	1
404	0
405	0
406	1
407	1
408	1
409	1
410	0
411	0
412	0
413	0
414	0
415	0
416	1
417	0
418	0
419	0
420	0
421	1
422	1
423	1
424	1
425	0
426	0
427	0
428	1
429	1
430	1
431	1
432	1
433	0
434	1
435	1
436	0
437	1
438	1
439	0
440	1
441	0
442	0
443	1
444	1
445	0
446	1
447	1
448	0
449	0
450	0
451	0
452	1
453	0
454	1
455	0
456	0
457	1
458	1
459	1
460	0
461	0
462	1
463	1
464	0
465	0
466	1
467	0
468	1
469	1
470	1
471	1
472	0
473	1
474	0
475	1
476	1
477	0
478	0
479	0
480	1
481	0
482	0
483	1
484	0
485	1
486	1
487	0
488	0
489	1
490	1
491	1
492	0
493	0
494	0
495	1
496	0
497	1
498	0
499	0
500	0
501	0
502	0
503	0
504	1
505	1
506	1
507	1
508	1
509	1
510	0
511	1
512	0
513	1
514	1
515	1
516	0
517	1
518	0
519	1
520	0
521	0
522	1
523	1
524	0
525	1
526	1
527	0
528	0
529	0
530	1
531	0
532	0
533	1
534	0
535	0
536	1
537	1
538	1
539	1
540	1
541	0
542	0
543	1
544	1
545	0
546	0
547	0
548	1
549	1
550	1
551	1
552	0
553	0
554	1
555	1
556	0
557	1
558	1
559	0
560	0
561	0
562	1
563	1
564	1
565	1
566	0
567	0
568	1
569	1
570	1
571	0
572	1
573	0
574	1
575	1
576	0
577	0
578	1
579	0
580	1
581	1
582	0
583	1
584	1
585	0
586	0
587	1
588	0
589	0
590	1
591	0
592	0
593	0
594	1
595	0
596	0
597	1
598	1
599	0
600	0
601	0
602	1
603	1
604	1
605	0
606	0
607	0
608	0
609	1
610	0
611	1
612	0
613	0
614	1
615	1
616	1
617	1
618	1
619	0
620	0
621	1
622	1
623	0
624	0
625	0
626	1
627	1
628	0
629	0
630	0
631	1
632	1
633	0
634	0
635	0
636	1
637	1
638	1
639	0
640	0
641	1
642	1
643	0
644	0
645	0
646	1
647	0
648	1
649	1
650	0
651	0
652	1
653	0
654	0
655	0
656	1
657	0
658	0
659	0
660	0
661	0
662	1
663	0
664	0
665	1
666	0
667	1
668	0
669	1
670	0
671	1
672	1
673	1
674	1
675	1
676	1
677	1
678	0
679	0
680	0
681	0
682	0
683	1
684	1
685	0
686	0
687	0
688	1
689	1
690	0
691	0
692	0
693	1
694	0
695	0
696	1
697	0
698	1
699	0
700	0
701	1
702	0
703	1
704	1
705	0
706	0
707	0
708	1
709	0
710	1
711	1
712	0
713	0
714	1
715	1
716	0
717	0
718	0
719	1
720	0
721	0
722	1
723	1
724	1
725	1
726	1
727	1
728	1
729	0
730	1
731	0
732	1
733	1
734	0
735	1
736	0
737	0
738	1
739	1
740	0
741	1
742	0
743	1
744	0
745	1
746	1
747	0
748	0
749	1
750	1
751	1
752	1
753	1
754	0
755	1
756	1
757	1
758	0
759	1
760	0
761	0
762	1
763	1
764	0
765	0
766	0
767	1
768	0
769	1
770	0
771	0
772	1
773	0
774	0
775	0
776	1
777	1
778	0
779	1
780	0
781	1
782	1
783	0
784	0
785	0
786	1
787	1
788	1
789	0
790	0
791	1
792	1
793	0
794	0
795	1
796	0
797	0
798	0
799	0
800	0
801	0
802	1
803	0
804	1
805	0
806	1
807	1
808	1
809	1
810	1
811	0
812	0
813	1
814	0
815	1
816	0
817	1
818	1
819	1
820	0
821	1
822	0
823	0
824	1
825	1
826	0
827	1
828	1
829	0
830	1
831	1
832	0
833	0
834	1
835	1
836	1
837	0
838	0
839	1
840	0
841	0
842	0
843	0
844	1
845	1
846	0
847	0
848	1
849	0
850	1
851	0
852	0
853	1
854	0
855	0
856	0
857	0
858	1
859	1
860	0
861	0
862	1
863	1
864	1
865	1
866	1
867	1
868	0
869	0
870	1
871	1
872	0
873	0
874	0
875	0
876	1
877	0
878	0
879	0
880	0
881	1
882	1
883	1
884	0
885	0
886	0
887	1
888	0
889	0
890	1
891	0
892	1
893	0
894	0
895	0
896	0
897	0
898	0
899	1
900	0
901	0
902	1
903	1
904	0
905	1
906	1
907	1
908	0
909	1
910	0
911	1
912	0
913	0
914	1
915	0
916	1
917	1
918	0
919	1
920	0
921	0
922	0
923	0
924	0
925	1
926	1
927	0
928	0
929	0
930	1
931	0
932	0
933	0
934	0
935	1
936	0
937	1
938	1
939	1
940	1
941	1
942	0
943	1
944	0
945	1
946	0
947	0
948	0
949	1
950	0
951	1
952	0
953	0
954	1
955	1
956	0
957	0
958	1
959	1
960	1
961	0
962	0
963	0
964	1
965	0
966	0
967	0
968	0
969	0
970	1
971	0
972	0
973	0
974	1
975	1
976	1
977	0
978	1
979	0
980	0
981	0
982	0
983	0
984	1
985	1
986	0
987	1
988	1
989	0
990	1
991	1
992	0
993	0
994	1
995	1
996	0
997	1
998	1
999	1
1000	0
1001	1
1002	1
1003	0
1004	0
1005	1
1006	0
1007	0
1008	1
1009	0
1010	1
1011	0
1012	0
1013	1
1014	0
1015	1
1016	0
1017	1
1018	1
1019	0
1020	0
1021	0
1022	1
1023	1
1024	1
1025	1
1026	1
1027	0
1028	1
1029	0
1030	0
1031	1
1032	0
1033	0
1034	0
1035	0
1036	0
1037	0
1038	1
1039	0
1040	0
1041	1
1042	0
1043	0
1044	1
1045	1
1046	1
1047	1
1048	1
1049	0
1050	1
1051	0
1052	0
1053	0
1054	1
1055	0
1056	0
1057	0
1058	0
1059	1
1060	1
1061	1
1062	1
1063	1
1064	1
1065	0
1066	1
1067	1
1068	0
1069	1
1070	0
1071	0
1072	1
1073	1
1074	0
1075	1
1076	1
1077	1
1078	0
1079	1
1080	0
1081	1
1082	1
1083	0
1084	1
1085	0
1086	1
1087	1
1088	0
1089	0
1090	1
1091	1
1092	1
1093	1
1094	1
1095	0
1096	0
1097	1
1098	1
1099	0
1100	0
1101	1
1102	0
1103	0
1104	0
1105	1
1106	0
1107	1
1108	1
1109	0
1110	1
1111	1
1112	1
1113	1
1114	0
1115	0
1116	0
1117	0
1118	0
1119	1
1120	0
1121	0
1122	0
1123	1
1124	0
1125	0
1126	0
1127	0
1128	1
1129	1
1130	1
1131	0
1132	1
1133	0
1134	0
1135	1
1136	0
1137	1
1138	1
1139	1
1140	1
1141	1
1142	1
1143	0
1144	1
1145	1
1146	1
1147	1
1148	0
1149	0
1150	0
1151	0
1152	1
1153	0
1154	0
1155	1
1156	1
1157	0
1158	0
1159	1
1160	1
1161	0
1162	0
1163	0
1164	1
1165	0
1166	0
1167	1
1168	0
1169	0
1170	1
1171	0
1172	1
1173	1
1174	1
1175	1
1176	1
1177	1
1178	1
1179	0
1180	1
1181	1
1182	1
1183	0
1184	0
1185	1
1186	0
1187	1
1188	0
1189	0
1190	1
1191	1
1192	0
1193	0
1194	1
1195	0
1196	1
1197	1
1198	0
1199	1
1200	1
1201	0
1202	0
1203	1
1204	1
1205	0
1206	0
1207	0
1208	0
1209	0
1210	1
1211	1
1212	1
1213	0
1214	1
1215	1
1216	0
1217	1
1218	0
1219	0
1220	1
1221	1
1222	1
1223	1
1224	0
1225	1
1226	1
1227	1
1228	0
1229	1
1230	1
1231	1
1232	1
1233	0
1234	0
1235	0
1236	1
1237	0
1238	0
1239	0
1240	0
1241	0
1242	1
1243	0
1244	0
1245	0
1246	1
1247	1
1248	0
1249	0
1250	1
1251	0
1252	0
1253	1
1254	1
1255	0
1256	1
1257	1
1258	0
1259	0
1260	1
1261	1
1262	0
1263	1
1264	0
1265	0
1266	0
1267	0
1268	0
1269	0
1270	1
1271	1
1272	0
1273	0
1274	1
1275	1
1276	1
1277	1
1278	1
1279	1
1280	0
1281	0
1282	0
1283	0
1284	0
1285	0
1286	0
1287	1
1288	1
1289	0
1290	0
1291	0
1292	1
1293	1
1294	0
1295	1
1296	0
1297	1
1298	1
1299	1
1300	1
1301	0
1302	0
1303	1
1304	1
1305	0
1306	1
1307	1
1308	0
1309	1
1310	1
1311	0
1312	0
1313	1
1314	0
1315	0
1316	0
1317	0
1318	0
1319	1
1320	0
1321	0
1322	1
1323	0
1324	1
1325	1
1326	1
1327	0
1328	1
1329	0
1330	1
1331	0
1332	0
1333	0
1334	0
1335	1
1336	1
1337	0
1338	1
1339	0
1340	1
1341	1
1342	1
1343	0
1344	0
1345	1
1346	1
1347	1
1348	1
1349	0
1350	1
1351	0
1352	1
1353	0
1354	1
1355	1
1356	1
1357	1
1358	1
1359	0
1360	1
1361	0
1362	0
1363	1
1364	0
1365	1
1366	0
1367	0
1368	0
1369	0
1370	1
1371	0
1372	0
1373	1
1374	1
1375	0
1376	1
1377	0
1378	1
1379	0
1380	1
1381	0
1382	1
1383	0
1384	1
1385	0
1386	0
1387	0
1388	0
1389	1
1390	0
1391	1
1392	0
1393	0
1394	1
1395	0
1396	1
1397	1
1398	1
1399	1
1400	0
1401	0
1402	1
1403	1
1404	0
1405	1
1406	1
1407	0
1408	1
1409	0
1410	0
1411	1
1412	0
1413	0
1414	0
1415	1
1416	0
1417	0
1418	0
1419	0
1420	0
1421	1
1422	1
1423	1
1424	0
1425	0
1426	0
1427	1
1428	0
1429	0
1430	0
1431	1
1432	0
1433	1
1434	1
1435	0
1436	1
1437	1
1438	1
1439	1
1440	1
1441	0
1442	0
1443	0
1444	0
1445	1
1446	0
1447	0
1448	1
1449	0
1450	1
1451	1
1452	1
1453	1
1454	0
1455	1
1456	1
1457	0
1458	1
1459	0
1460	1
1461	0
1462	0
1463	0
1464	0
1465	0
1466	1
1467	0
1468	1
1469	1
1470	1
1471	1
1472	1
1473	0
1474	1
1475	0
1476	0
1477	0
1478	1
1479	1
1480	0
1481	1
1482	0
1483	1
1484	0
1485	0
1486	1
1487	1
1488	1
1489	1
1490	0
1491	0
1492	1
1493	1
1494	0
1495	1
1496	0
1497	1
1498	1
1499	0
1500	0
1501	1
1502	0
1503	0
1504	0
1505	0
1506	0
1507	1
1508	1
1509	1
1510	0
1511	1
1512	0
1513	0
1514	1
1515	0
1516	0
1517	0
1518	0
1519	0
1520	0
1521	0
1522	1
1523	0
1524	1
1525	0
1526	1
1527	1
1528	1
1529	0
1530	1
1531	0
1532	0
1533	0
1534	0
1535	1
1536	0
1537	1
1538	0
1539	1
1540	0
1541	0
1542	0
1543	1
1544	1
1545	0
1546	1
1547	0
1548	0
1549	1
1550	0
1551	1
1552	0
1553	0
1554	1
1555	1
1556	1
1557	1
1558	0
1559	1
1560	0
1561	1
1562	1
1563	0
1564	0
1565	1
1566	1
1567	1
1568	1
1569	1
1570	1
1571	0
1572	1
1573	0
1574	0
1575	1
1576	0
1577	1
1578	1
1579	0
1580	1
1581	0
1582	1
1583	0
1584	1
1585	0
1586	0
1587	1
1588	0
1589	0
1590	1
1591	0
1592	0
1593	0
1594	1
1595	1
1596	1
1597	0
1598	1
1599	1
1600	1
1601	0
1602	1
1603	1
1604	0
1605	1
1606	0
1607	0
1608	0
1609	0
1610	1
1611	0
1612	0
1613	0
1614	0
1615	0
1616	1
1617	0
1618	0
1619	0
1620	0
1621	1
1622	0
1623	0
1624	1
1625	1
1626	1
1627	0
1628	0
1629	1
1630	0
1631	1
1632	1
1633	1
1634	0
1635	1
1636	0
1637	0
1638	0
1639	1
1640	0
1641	1
1642	1
1643	0
1644	1
1645	0
1646	1
1647	0
1648	1
1649	1
1650	0
1651	1
1652	0
1653	0
1654	0
1655	0
1656	1
1657	0
1658	0
1659	1
1660	1
1661	0
1662	0
1663	0
1664	1
1665	1
1666	0
1667	0
1668	1
1669	1
1670	0
1671	1
1672	1
1673	0
1674	0
1675	1
1676	0
1677	1
1678	1
1679	1
1680	1
1681	1
1682	1
1683	0
1684	1
1685	1
1686	0
1687	0
1688	1
1689	0
1690	1
1691	0
1692	1
1693	0
1694	1
1695	1
1696	1
1697	1
1698	0
1699	1
1700	1
1701	1
1702	1
1703	1
1704	0
1705	1
1706	1
1707	0
1708	0
1709	1
1710	1
1711	0
1712	1
1713	0
1714	1
1715	1
1716	0
1717	1
1718	1
1719	1
1720	1
1721	0
1722	0
1723	0
1724	0
1725	0
1726	0
1727	1
1728	1
1729	1
1730	0
1731	1
1732	1
1733	0
1734	0
1735	1
1736	0
1737	0
1738	0
1739	1
1740	0
1741	1
1742	0
1743	0
1744	0
1745	0
1746	0
1747	1
1748	1
1749	0
1750	1
1751	1
1752	1
1753	0
1754	0
1755	1
1756	0
1757	1
1758	0
1759	0
1760	1
1761	1
1762	1
1763	1
1764	1
1765	0
1766	1
1767	0
1768	0
1769	0
1770	0
1771	0
1772	1
1773	0
1774	0
1775	1
1776	1
1777	1
1778	1
1779	0
1780	0
1781	1
1782	1
1783	0
1784	1
1785	1
1786	1
1787	1
1788	1
1789	1
1790	1
1791	1
1792	1
1793	1
1794	1
1795	0
1796	1
1797	0
1798	1
1799	0
1800	0
1801	1
1802	1
1803	1
1804	0
1805	0
1806	1
1807	1
1808	1
1809	1
1810	0
1811	1
1812	0
1813	0
1814	0
1815	0
1816	1
1817	0
1818	1
1819	1
1820	1
1821	0
1822	1
1823	1
1824	1
1825	1
1826	0
1827	1
1828	1
1829	1
1830	0
1831	0
1832	0
1833	0
1834	1
1835	0
1836	1
1837	1
1838	1
1839	0
1840	0
1841	1
1842	0
1843	1
1844	0
1845	1
1846	0
1847	0
1848	0
1849	0
1850	1
1851	1
1852	0
1853	0
1854	0
1855	1
1856	0
1857	1
1858	0
1859	0
1860	0
1861	0
1862	1
1863	0
1864	0
1865	1
1866	1
1867	1
1868	1
1869	1
1870	0
1871	0
1872	0
1873	1
1874	1
1875	1
1876	0
1877	1
1878	0
1879	0
1880	1
1881	0
1882	0
1883	0
1884	1
1885	0
1886	0
1887	0
1888	0
1889	0
1890	1
1891	1
1892	1
1893	1
1894	1
1895	0
1896	1
1897	0
1898	1
1899	0
1900	1
1901	1
1902	0
1903	0
1904	1
1905	0
1906	0
1907	0
1908	1
1909	1
1910	0
1911	1
1912	1
1913	1
1914	1
1915	1
1916	0
1917	0
1918	0
1919	0
1920	0
1921	0
1922	1
1923	0
1924	1
1925	1
1926	0
1927	0
1928	1
1929	1
1930	1
1931	1
1932	1
1933	0
1934	1
1935	1
1936	0
1937	1
1938	0
1939	0
1940	1
1941	0
1942	0
1943	1
1944	1
1945	1
1946	0
1947	0
1948	0
1949	0
1950	0
1951	0
1952	0
1953	0
1954	1
1955	1
1956	0
1957	1
1958	1
1959	0
1960	0
1961	1
1962	0
1963	1
1964	0
1965	0
1966	0
1967	1
1968	0
1969	0
1970	0
1971	1
1972	0
1973	0
1974	0
1975	1
1976	0
1977	1
1978	0
1979	1
1980	1
1981	0
1982	0
1983	0
1984	1
1985	0
1986	0
1987	0
1988	1
1989	0
1990	1
1991	1
1992	1
1993	1
1994	1
1995	0
1996	1
1997	1
1998	1
1999	1
2000	1
2001	0
2002	0
2003	0
2004	0
2005	0
2006	1
2007	0
2008	1
2009	1
2010	0
2011	1
2012	0
2013	0
2014	0
2015	0
2016	0
2017	1
2018	0
2019	0
2020	1
2021	1
2022	0
2023	1
2024	1
2025	1
2026	1
2027	0
2028	0
2029	1
2030	0
2031	1
2032	0
2033	0
2034	1
2035	0
2036	1
2037	1
2038	0
2039	1
2040	0
2041	1
2042	1
2043	1
2044	0
2045	1
2046	0
2047	0
2048	0
2049	0
2050	1
2051	1
2052	0
2053	1
2054	0
2055	1
2056	0
2057	1
2058	0
2059	0
2060	1
2061	0
2062	1
2063	0
2064	1
2065	1
2066	1
2067	0
2068	0
2069	0
2070	1
2071	0
2072	0
2073	1
2074	1
2075	0
2076	1
2077	0
2078	0
2079	1
2080	0
2081	1
2082	1
2083	1
2084	0
2085	1
2086	0
2087	0
2088	0
2089	1
2090	0
2091	0
2092	1
2093	0
2094	0
2095	1
2096	0
2097	0
2098	0
2099	1
2100	1
2101	0
2102	1
2103	0
2104	1
2105	0
2106	1
2107	1
2108	1
2109	0
2110	0
2111	1
2112	0
2113	0
2114	1
2115	1
2116	0
2117	0
2118	0
2119	0
2120	0
2121	0
2122	0
2123	0
2124	0
2125	1
2126	1
2127	1
2128	0
2129	1
2130	0
2131	1
2132	1
2133	1
2134	0
2135	1
2136	0
2137	0
2138	1
2139	1
2140	1
2141	0
2142	0
2143	1
2144	0
2145	1
2146	1
2147	1
2148	1
2149	1
2150	1
2151	0
2152	1
2153	1
2154	1
2155	1
2156	1
2157	1
2158	0
2159	1
2160	1
2161	1
2162	1
2163	1
2164	1
2165	1
2166	1
2167	0
2168	1
2169	0
2170	0
2171	1
2172	0
2173	1
2174	1
2175	1
2176	1
2177	1
2178	0
2179	1
2180	0
2181	0
2182	1
2183	0
2184	0
2185	0
2186	1
2187	1
2188	0
2189	1
2190	1
2191	1
2192	0
2193	0
2194	0
2195	1
2196	0
2197	1
2198	0
2199	1
2200	1
2201	0
2202	1
2203	0
2204	0
2205	0
2206	0
2207	1
2208	0
2209	0
2210	0
2211	1
2212	1
2213	0
2214	1
2215	1
2216	1
2217	0
2218	1
2219	1
2220	1
2221	1
2222	0
2223	0
2224	1
2225	0
2226	1
2227	1
2228	0
2229	1
2230	0
2231	1
2232	1
2233	0
2234	0
2235	0
2236	0
2237	0
2238	0
2239	1
2240	1
2241	1
2242	0
2243	0
2244	1
2245	0
2246	0
2247	1
2248	1
2249	1
2250	1
2251	0
2252	0
2253	1
2254	0
2255	1
2256	0
2257	1
2258	1
2259	1
2260	1
2261	0
2262	0
2263	1
2264	0
2265	0
2266	1
2267	0
2268	0
2269	1
2270	1
2271	0
2272	0
2273	0
2274	1
2275	1
2276	0
2277	0
2278	1
2279	0
2280	1
2281	1
2282	0
2283	0
2284	0
2285	1
2286	0
2287	0
2288	1
2289	1
2290	0
2291	0
2292	0
2293	0
2294	0
2295	0
2296	0
2297	0
2298	0
2299	1
2300	1
2301	1
2302	0
2303	0
2304	0
2305	1
2306	0
2307	0
2308	1
2309	1
2310	0
2311	1
2312	1
2313	0
2314	0
2315	1
2316	0
2317	1
2318	1
2319	1
2320	0
2321	1
2322	1
2323	0
2324	1
2325	0
2326	1
2327	1
2328	1
2329	0
2330	0
2331	0
2332	1
2333	0
2334	0
2335	1
2336	1
2337	1
2338	1
2339	1
2340	1
2341	0
2342	1
2343	0
2344	1
2345	1
2346	0
2347	1
2348	1
2349	1
2350	0
2351	1
2352	0
2353	1
2354	0
2355	0
2356	1
2357	0
2358	0
2359	1
2360	1
2361	0
2362	0
2363	1
2364	0
2365	1
2366	1
2367	1
2368	1
2369	0
2370	1
2371	0
2372	0
2373	1
2374	1
2375	1
2376	0
2377	1
2378	1
2379	0
2380	1
2381	0
2382	1
2383	1
2384	0
2385	1
2386	0
2387	1
2388	0
2389	0
2390	0
2391	0
2392	1
2393	1
2394	1
2395	1
2396	0
2397	1
2398	0
2399	1
2400	1
2401	1
2402	0
2403	0
2404	1
2405	1
2406	0
2407	0
2408	0
2409	0
2410	1
2411	1
2412	0
2413	0
2414	1
2415	1
2416	1
2417	0
2418	1
2419	0
2420	1
2421	1
2422	1
2423	0
2424	0
2425	1
2426	1
2427	0
2428	1
2429	0
2430	1
2431	1
2432	0
2433	0
2434	0
2435	0
2436	0
2437	0
2438	0
2439	1
2440	0
2441	1
2442	1
2443	1
2444	0
2445	0
2446	0
2447	1
2448	1
2449	1
2450	1
2451	1
2452	1
2453	1
2454	1
2455	1
2456	1
2457	1
2458	0
2459	0
2460	0
2461	0
2462	1
2463	0
2464	0
2465	1
2466	1
2467	0
2468	0
2469	0
2470	0
2471	0
2472	1
2473	1
2474	0
2475	1
2476	0
2477	0
2478	0
2479	1
2480	0
2481	1
2482	0
2483	0
2484	1
2485	0
2486	0
2487	1
2488	1
2489	1
2490	0
2491	0
2492	1
2493	1
2494	0
2495	0
2496	0
2497	1
2498	1
2499	0
2500	0
2501	1
2502	1
2503	1
2504	0
2505	0
2506	1
2507	0
2508	1
2509	1
2510	0
2511	0
2512	1
2513	0
2514	1
2515	1
2516	0
2517	0
2518	0
2519	0
2520	0
2521	1
2522	1
2523	1
2524	1
2525	0
2526	1
2527	0
2528	0
2529	1
2530	1
2531	1
2532	1
2533	1
2534	0
2535	0
2536	1
2537	0
2538	1
2539	1
2540	0
2541	0
2542	0
2543	0
2544	1
2545	0
2546	0
2547	1
2548	0
2549	0
2550	1
2551	0
2552	0
2553	1
2554	1
2555	1
2556	0
2557	0
2558	1
2559	1
2560	0
2561	1
2562	0
2563	0
2564	0
2565	1
2566	0
2567	1
2568	1
2569	1
2570	1
2571	1
2572	1
2573	1
2574	0
2575	0
2576	1
2577	0
2578	0
2579	0
2580	1
2581	0
2582	0
2583	1
2584	0
2585	0
2586	1
2587	1
2588	0
2589	1
2590	1
2591	1
2592	1
2593	1
2594	1
2595	1
2596	0
2597	1
2598	0
2599	1
2600	0
2601	1
2602	1
2603	0
2604	0
2605	0
2606	1
2607	1
2608	1
2609	0
2610	1
2611	0
2612	1
2613	1
2614	0
2615	1
2616	1
2617	1
2618	0
2619	0
2620	0
2621	0
2622	0
2623	1
2624	0
2625	0
2626	1
2627	0
2628	0
2629	1
2630	1
2631	0
2632	1
2633	1
2634	0
2635	0
2636	1
2637	0
2638	1
2639	0
2640	0
2641	1
2642	0
2643	1
2644	0
2645	1
2646	1
2647	1
2648	0
2649	1
2650	1
2651	0
2652	0
2653	1
2654	0
2655	0
2656	1
2657	1
2658	1
2659	1
2660	0
2661	0
2662	0
2663	1
2664	1
2665	0
2666	0
2667	1
2668	0
2669	0
2670	0
2671	1
2672	1
2673	1
2674	1
2675	0
2676	0
2677	0
2678	0
2679	0
2680	0
2681	1
2682	1
2683	1
2684	1
2685	1
2686	0
2687	1
2688	0
2689	1
2690	0
2691	0
2692	1
2693	1
2694	0
2695	0
2696	0
2697	1
2698	0
2699	1
2700	0
2701	1
2702	0
2703	1
2704	0
2705	0
2706	0
2707	1
2708	0
2709	1
2710	0
2711	0
2712	0
2713	1
2714	1
2715	1
2716	1
2717	0
2718	1
2719	0
2720	1
2721	1
2722	0
2723	0
2724	1
2725	0
2726	1
2727	1
2728	0
2729	1
2730	1
2731	0
2732	0
2733	1
2734	1
2735	0
2736	0
2737	0
2738	1
2739	1
2740	1
2741	1
2742	1
2743	1
2744	0
2745	0
2746	1
2747	1
2748	1
2749	1
2750	0
2751	1
2752	1
2753	0
2754	0
2755	1
2756	0
2757	1
2758	0
2759	0
2760	0
2761	1
2762	0
2763	1
2764	1
2765	0
2766	0
2767	0
2768	0
2769	1
2770	1
2771	1
2772	0
2773	0
2774	0
2775	0
2776	1
2777	1
2778	0
2779	0
2780	1
2781	0
2782	1
2783	1
2784	0
2785	0
2786	1
2787	0
2788	1
2789	0
2790	0
2791	0
2792	0
2793	0
2794	0
2795	0
2796	1
2797	0
2798	0
2799	0
2800	0
2801	0
2802	1
2803	1
2804	0
2805	1
2806	0
2807	0
2808	1
2809	1
2810	1
2811	0
2812	0
2813	1
2814	0
2815	1
2816	0
2817	1
2818	0
2819	1
2820	0
2821	1
2822	0
2823	0
2824	1
2825	1
2826	0
2827	1
2828	1
2829	1
2830	1
2831	1
2832	1
2833	0
2834	1
2835	0
2836	1
2837	0
2838	0
2839	0
2840	0
2841	1
2842	1
2843	0
2844	1
2845	1
2846	1
2847	0
2848	0
2849	0
2850	1
2851	1
2852	0
2853	1
2854	0
2855	0
2856	0
2857	0
2858	0
2859	1
2860	0
2861	1
2862	0
2863	0
2864	1
2865	1
2866	0
2867	0
2868	0
2869	0
2870	0
2871	1
2872	1
2873	1
2874	1
2875	0
2876	0
2877	1
2878	1
2879	1
2880	1
2881	1
2882	0
2883	1
2884	1
2885	1
2886	0
2887	1
2888	0
2889	1
2890	1
2891	1
2892	1
2893	0
2894	1
2895	1
2896	1
2897	0
2898	1
2899	0
2900	1
2901	0
2902	1
2903	0
2904	0
2905	1
2906	0
2907	0
2908	1
2909	1
2910	1
2911	0
2912	1
2913	0
2914	1
2915	1
2916	1
2917	1
2918	0
2919	0
2920	1
2921	1
2922	1
2923	0
2924	1
2925	0
2926	0
2927	0
2928	1
2929	0
2930	1
2931	1
2932	0
2933	0
2934	0
2935	1
2936	1
2937	0
2938	0
2939	0
2940	1
2941	0
2942	0
2943	0
2944	0
2945	1
2946	0
2947	1
2948	1
2949	0
2950	0
2951	0
2952	0
2953	0
2954	0
2955	1
2956	0
2957	0
2958	0
2959	1
2960	1
2961	1
2962	0
2963	1
2964	1
2965	0
2966	1
2967	0
2968	1
2969	1
2970	0
2971	0
2972	1
2973	1
2974	0
2975	0
2976	0
2977	0
2978	0
2979	0
2980	0
2981	1
2982	0
2983	1
2984	1
2985	1
2986	1
2987	1
2988	1
2989	0
2990	0
2991	0
2992	0
2993	1
2994	0
2995	0
2996	0
2997	0
2998	1
2999	1
3000	0
3001	1
3002	1
3003	0
3004	1
3005	0
3006	0
3007	0
3008	0
3009	0
3010	1
3011	1
3012	1
3013	1
3014	1
3015	0
3016	1
3017	0
3018	0
3019	0
3020	0
3021	1
3022	1
3023	0
3024	0
3025	0
3026	0
3027	0
3028	0
3029	1
3030	1
3031	0
3032	1
3033	1
3034	1
3035	1
3036	1
3037	0
3038	1
3039	1
3040	1
3041	0
3042	0
3043	1
3044	1
3045	1
3046	0
3047	0
3048	0
3049	1
3050	0
3051	1
3052	1
3053	1
3054	1
3055	1
3056	0
3057	1
3058	0
3059	1
3060	1
3061	1
3062	1
3063	1
3064	1
3065	0
3066	1
3067	0
3068	0
3069	1
3070	1
3071	1
3072	1
3073	1
3074	1
3075	0
3076	0
3077	0
3078	0
3079	0
3080	0
3081	1
3082	1
3083	0
3084	1
3085	0
3086	0
3087	1
3088	0
3089	0
3090	0
3091	1
3092	1
3093	1
3094	1
3095	1
3096	1
3097	0
3098	1
3099	0
3100	1
3101	0
3102	1
3103	1
3104	0
3105	1
3106	0
3107	0
3108	1
3109	0
3110	1
3111	0
3112	0
3113	0
3114	1
3115	0
3116	0
3117	1
3118	1
3119	0
3120	0
3121	1
3122	1
3123	1
3124	0
3125	1
3126	0
3127	1
3128	0
3129	0
3130	0
3131	0
3132	1
3133	1
3134	1
3135	0
3136	0
3137	1
3138	0
3139	0
3140	1
3141	1
3142	0
3143	0
3144	1
3145	1
3146	1
3147	0
3148	1
3149	1
3150	0
3151	0
3152	1
3153	1
3154	1
3155	1
3156	0
3157	1
3158	1
3159	1
3160	1
3161	0
3162	0
3163	0
3164	0
3165	0
3166	0
3167	1
3168	1
3169	1
3170	0
3171	1
3172	1
3173	0
3174	1
3175	0
3176	1
3177	1
3178	1
3179	1
3180	1
3181	0
3182	1
3183	0
3184	0
3185	1
3186	0
3187	0
3188	0
3189	0
3190	1
3191	0
3192	1
3193	0
3194	0
3195	1
3196	0
3197	1
3198	1
3199	0
3200	1
3201	0
3202	1
3203	0
3204	1
3205	1
3206	0
3207	0
3208	0
3209	0
3210	1
3211	0
3212	1
3213	1
3214	0
3215	1
3216	0
3217	0
3218	1
3219	0
3220	1
3221	0
3222	0
3223	0
3224	0
3225	0
3226	0
3227	1
3228	0
3229	0
3230	0
3231	1
3232	1
3233	0
3234	0
3235	0
3236	0
3237	0
3238	0
3239	0
3240	0
3241	1
3242	0
3243	0
3244	1
3245	0
3246	0
3247	1
3248	1
3249	1
3250	1
3251	0
3252	0
3253	0
3254	0
3255	0
3256	0
3257	0
3258	1
3259	1
3260	1
3261	1
3262	1
3263	0
3264	0
3265	0
3266	1
3267	0
3268	0
3269	0
3270	1
3271	1
3272	0
3273	1
3274	1
3275	1
3276	1
3277	0
3278	1
3279	0
3280	0
3281	0
3282	0
3283	0
3284	1
3285	1
3286	0
3287	1
3288	1
3289	0
3290	0
3291	1
3292	0
3293	0
3294	1
3295	1
3296	1
3297	1
3298	0
3299	0
3300	1
3301	0
3302	0
3303	1
3304	0
3305	1
3306	1
3307	0
3308	1
3309	0
3310	1
3311	1
3312	1
3313	0
3314	0
3315	1
3316	1
3317	0
3318	1
3319	0
3320	0
3321	0
3322	0
3323	0
3324	0
3325	0
3326	1
3327	1
3328	1
3329	0
3330	0
3331	0
3332	0
3333	0
3334	0
3335	1
3336	0
3337	1
3338	0
3339	1
3340	0
3341	1
3342	0
3343	1
3344	1
3345	0
3346	0
3347	0
3348	1
3349	1
3350	0
3351	0
3352	1
3353	1
3354	0
3355	1
3356	0
3357	1
3358	1
3359	0
3360	1
3361	0
3362	0
3363	1
3364	0
3365	0
3366	1
3367	1
3368	0
3369	1
3370	1
3371	1
3372	0
3373	1
3374	1
3375	0
3376	1
3377	0
3378	0
3379	0
3380	1
3381	0
3382	1
3383	0
3384	0
3385	1
3386	0
3387	1
3388	0
3389	0
3390	0
3391	0
3392	1
3393	1
3394	0
3395	0
3396	1
3397	1
3398	1
3399	0
3400	0
3401	0
3402	0
3403	0
3404	1
3405	0
3406	0
3407	1
3408	0
3409	1
3410	1
3411	1
3412	0
3413	0
3414	1
3415	0
3416	0
3417	1
3418	1
3419	1
3420	0
3421	1
3422	1
3423	0
3424	0
3425	1
3426	1
3427	1
3428	1
3429	0
3430	1
3431	1
3432	1
3433	1
3434	1
3435	1
3436	1
3437	1
3438	0
3439	1
3440	1
3441	1
3442	1
3443	0
3444	1
3445	1
3446	0
3447	1
3448	0
3449	0
3450	0
3451	1
3452	0
3453	0
3454	1
3455	1
3456	0
3457	0
3458	1
3459	1
3460	1
3461	0
3462	0
3463	0
3464	0
3465	0
3466	1
3467	1
3468	1
3469	1
3470	0
3471	1
3472	1
3473	1
3474	1
3475	1
3476	1
3477	0
3478	0
3479	0
3480	0
3481	1
3482	0
3483	0
3484	0
3485	0
3486	1
3487	1
3488	0
3489	1
3490	0
3491	1
3492	1
3493	1
3494	0
3495	1
3496	1
3497	1
3498	0
3499	1
3500	0
3501	0
3502	1
3503	1
3504	0
3505	1
3506	1
3507	1
3508	0
3509	1
3510	0
3511	1
3512	0
3513	0
3514	1
3515	0
3516	1
3517	1
3518	1
3519	1
3520	1
3521	1
3522	0
3523	1
3524	0
3525	0
3526	0
3527	1
3528	1
3529	1
3530	1
3531	0
3532	0
3533	0
3534	0
3535	0
3536	0
3537	0
3538	0
3539	0
3540	1
3541	0
3542	1
3543	1
3544	0
3545	0
3546	0
3547	1
3548	0
3549	0
3550	1
3551	1
3552	0
3553	1
3554	1
3555	1
3556	0
3557	0
3558	1
3559	0
3560	0
3561	0
3562	0
3563	0
3564	1
3565	0
3566	0
3567	1
3568	0
3569	1
3570	0
3571	1
3572	0
3573	0
3574	1
3575	0
3576	1
3577	1
3578	1
3579	1
3580	0
3581	1
3582	0
3583	0
3584	1
3585	1
3586	0
3587	0
3588	0
3589	0
3590	1
3591	0
3592	0
3593	1
3594	0
3595	1
3596	1
3597	0
3598	0
3599	1
3600	0
3601	1
3602	1
3603	0
3604	0
3605	1
3606	0
3607	1
3608	1
3609	0
3610	0
3611	1
3612	0
3613	0
3614	1
3615	0
3616	0
3617	1
3618	0
3619	0
3620	0
3621	1
3622	1
3623	0
3624	0
3625	0
3626	1
3627	0
3628	0
3629	0
3630	0
3631	1
3632	0
3633	1
3634	0
3635	1
3636	1
3637	1
3638	1
3639	1
3640	1
3641	1
3642	1
3643	1
3644	0
3645	0
3646	0
3647	1
3648	1
3649	0
3650	0
3651	1
3652	0
3653	1
3654	0
3655	0
3656	0
3657	0
3658	1
3659	1
3660	1
3661	0
3662	0
3663	0
3664	1
3665	1
3666	0
3667	0
3668	0
3669	1
3670	0
3671	1
3672	1
3673	1
3674	0
3675	1
3676	0
3677	0
3678	0
3679	0
3680	0
3681	1
3682	1
3683	0
3684	1
3685	1
3686	0
3687	1
3688	1
3689	1
3690	1
3691	1
3692	0
3693	0
3694	0
3695	1
3696	1
3697	1
3698	0
3699	0
3700	1
3701	0
3702	0
3703	1
3704	1
3705	0
3706	0
3707	0
3708	0
3709	0
3710	1
3711	1
3712	1
3713	0
3714	1
3715	0
3716	1
3717	0
3718	0
3719	1
3720	0
3721	0
3722	0
3723	0
3724	0
3725	1
3726	1
3727	0
3728	1
3729	0
3730	0
3731	1
3732	0
3733	1
3734	0
3735	1
3736	0
3737	0
3738	1
3739	1
3740	1
3741	1
3742	1
3743	0
3744	0
3745	0
3746	1
3747	0
3748	0
3749	1
3750	1
3751	1
3752	1
3753	1
3754	1
3755	0
3756	1
3757	0
3758	0
3759	0
3760	0
3761	1
3762	1
3763	1
3764	1
3765	0
3766	1
3767	1
3768	1
3769	0
3770	0
3771	1
3772	1
3773	0
3774	1
3775	1
3776	1
3777	1
3778	0
3779	1
3780	0
3781	0
3782	1
3783	1
3784	1
3785	0
3786	0
3787	0
3788	1
3789	1
3790	1
3791	0
3792	0
3793	1
3794	1
3795	1
3796	1
3797	1
3798	0
3799	1
3800	1
3801	0
3802	1
3803	0
3804	0
3805	0
3806	0
3807	0
3808	0
3809	0
3810	1
3811	0
3812	1
3813	0
3814	1
3815	0
3816	1
3817	0
3818	0
3819	1
3820	0
3821	0
3822	0
3823	0
3824	0
3825	1
3826	0
3827	0
3828	0
3829	1
3830	0
3831	1
3832	0
3833	0
3834	0
3835	0
3836	0
3837	0
3838	0
3839	1
3840	1
3841	1
3842	0
3843	0
3844	0
3845	1
3846	1
3847	0
3848	1
3849	1
3850	0
3851	0
3852	0
3853	1
3854	0
3855	1
3856	0
3857	1
3858	1
3859	1
3860	1
3861	0
3862	1
3863	1
3864	0
3865	1
3866	0
3867	0
3868	1
3869	0
3870	1
3871	1
3872	0
3873	1
3874	1
3875	1
3876	0
3877	0
3878	1
3879	1
3880	1
3881	1
3882	1
3883	1
3884	1
3885	0
3886	0
3887	0
3888	0
3889	1
3890	0
3891	1
3892	0
3893	0
3894	1
3895	0
3896	0
3897	1
3898	1
3899	1
3900	1
3901	0
3902	0
3903	0
3904	1
3905	1
3906	1
3907	1
3908	1
3909	1
3910	0
3911	1
3912	0
3913	1
3914	1
3915	0
3916	0
3917	0
3918	0
3919	1
3920	0
3921	0
3922	1
3923	1
3924	0
3925	1
3926	0
3927	1
3928	1
3929	1
3930	1
3931	1
3932	1
3933	1
3934	0
3935	0
3936	0
3937	1
3938	0
3939	1
3940	1
3941	0
3942	0
3943	0
3944	1
3945	0
3946	1
3947	0
3948	1
3949	0
3950	0
3951	1
3952	1
3953	0
3954	1
3955	0
3956	1
3957	0
3958	0
3959	1
3960	0
3961	0
3962	1
3963	0
3964	0
3965	1
3966	1
3967	0
3968	1
3969	0
3970	0
3971	1
3972	1
3973	1
3974	1
3975	1
3976	0
3977	0
3978	1
3979	0
3980	1
3981	1
3982	0
3983	0
3984	1
3985	1
3986	1
3987	0
3988	1
3989	0
3990	1
3991	0
3992	0
3993	0
3994	0
3995	1
3996	1
3997	0
3998	1
3999	1
4000	1
4001	0
4002	0
4003	1
4004	0
4005	0
4006	0
4007	1
4008	0
4009	1
4010	1
4011	0
4012	0
4013	1
4014	1
4015	1
4016	0
4017	0
4018	1
4019	0
4020	0
4021	1
4022	1
4023	0
4024	1
4025	0
4026	1
4027	1
4028	1
4029	0
4030	0
4031	1
4032	0
4033	0
4034	0
4035	0
4036	1
4037	1
4038	1
4039	1
4040	1
4041	1
4042	1
4043	0
4044	0
4045	0
4046	0
4047	0
4048	1
4049	1
4050	1
4051	0
4052	1
4053	0
4054	1
4055	1
4056	1
4057	0
4058	0
4059	0
4060	0
4061	0
4062	0
4063	1
4064	0
4065	1
4066	1
4067	1
4068	0
4069	0
4070	1
4071	1
4072	0
4073	0
4074	0
4075	0
4076	0
4077	0
4078	0
4079	0
4080	1
4081	0
4082	0
4083	1
4084	1
4085	1
4086	1
4087	1
4088	1
4089	0
4090	0
4091	0
4092	1
4093	0
4094	0
4095	0
4096	1
4097	1
4098	0
4099	1
4100	1
4101	1
4102	0
4103	0
4104	0
4105	1
4106	1
4107	0
4108	0
4109	0
4110	1
4111	0
4112	0
4113	0
4114	1
4115	0
4116	1
4117	1
4118	0
4119	0
4120	1
4121	1
4122	0
4123	1
4124	1
4125	1
4126	1
4127	0
4128	0
4129	1
4130	0
4131	0
4132	1
4133	0
4134	1
4135	1
4136	1
4137	0
4138	1
4139	0
4140	0
4141	1
4142	1
4143	1
4144	1
4145	0
4146	0
4147	1
4148	0
4149	0
4150	0
4151	1
4152	1
4153	0
4154	0
4155	1
4156	0
4157	1
4158	0
4159	0
4160	1
4161	0
4162	1
4163	0
4164	0
4165	0
4166	1
4167	1
4168	1
4169	0
4170	0
4171	0
4172	1
4173	0
4174	1
4175	1
4176	0
4177	1
4178	1
4179	1
4180	1
4181	0
4182	1
4183	1
4184	0
4185	1
4186	1
4187	0
4188	0
4189	0
4190	0
4191	1
4192	1
4193	1
4194	1
4195	1
4196	0
4197	1
4198	0
4199	1
4200	0
4201	1
4202	0
4203	1
4204	0
4205	0
4206	0
4207	0
4208	1
4209	0
4210	1
4211	1
4212	0
4213	1
4214	1
4215	0
4216	0
4217	1
4218	0
4219	1
4220	1
4221	0
4222	0
4223	0
4224	0
4225	1
4226	1
4227	0
4228	0
4229	1
4230	0
4231	0
4232	1
4233	1
4234	1
4235	0
4236	0
4237	0
4238	0
4239	1
4240	0
4241	1
4242	0
4243	1
4244	1
4245	0
4246	0
4247	0
4248	0
4249	0
4250	1
4251	1
4252	0
4253	0
4254	1
4255	0
4256	0
4257	1
4258	1
4259	1
4260	1
4261	1
4262	0
4263	1
4264	0
4265	0
4266	0
4267	1
4268	0
4269	1
4270	0
4271	1
4272	0
4273	1
4274	1
4275	1
4276	0
4277	0
4278	1
4279	0
4280	1
4281	1
4282	0
4283	1
4284	1
4285	0
4286	0
4287	0
4288	0
4289	1
4290	0
4291	0
4292	0
4293	0
4294	1
4295	1
4296	0
4297	0
4298	0
4299	0
4300	0
4301	0
4302	0
4303	0
4304	0
4305	1
4306	0
4307	1
4308	1
4309	0
4310	0
4311	0
4312	1
4313	0
4314	1
4315	1
4316	0
4317	0
4318	1
4319	0
4320	0
4321	0
4322	0
4323	1
4324	1
4325	1
4326	1
4327	0
4328	0
4329	1
4330	1
4331	0
4332	1
4333	0
4334	0
4335	0
4336	0
4337	1
4338	0
4339	0
4340	1
4341	1
4342	0
4343	1
4344	1
4345	0
4346	1
4347	1
4348	1
4349	0
4350	0
4351	1
4352	1
4353	0
4354	1
4355	1
4356	1
4357	0
4358	1
4359	1
4360	0
4361	0
4362	0
4363	0
4364	0
4365	0
4366	0
4367	0
4368	0
4369	0
4370	0
4371	1
4372	0
4373	1
4374	0
4375	1
4376	0
4377	0
4378	1
4379	1
4380	0
4381	1
4382	1
4383	0
4384	1
4385	0
4386	1
4387	0
4388	1
4389	0
4390	1
4391	1
4392	1
4393	1
4394	1
4395	1
4396	1
4397	1
4398	0
4399	1
4400	1
4401	0
4402	1
4403	1
4404	0
4405	0
4406	0
4407	0
4408	1
4409	1
4410	1
4411	0
4412	1
4413	1
4414	0
4415	1
4416	1
4417	1
4418	1
4419	1
4420	1
4421	0
4422	0
4423	0
4424	1
4425	1
4426	1
4427	0
4428	0
4429	0
4430	1
4431	1
4432	1
4433	0
4434	1
4435	1
4436	1
4437	0
4438	1
4439	1
4440	1
4441	0
4442	0
4443	1
4444	1
4445	1
4446	1
4447	0
4448	0
4449	1
4450	1
4451	1
4452	0
4453	0
4454	1
4455	0
4456	1
4457	0
4458	1
4459	1
4460	0
4461	1
4462	0
4463	1
4464	1
4465	1
4466	0
4467	1
4468	1
4469	0
4470	1
4471	1
4472	1
4473	0
4474	1
4475	0
4476	0
4477	1
4478	0
4479	1
4480	0
4481	0
4482	1
4483	1
4484	0
4485	0
4486	0
4487	1
4488	1
4489	1
4490	0
4491	1
4492	0
4493	0
4494	0
4495	0
4496	1
4497	0
4498	0
4499	1
4500	0
4501	1
4502	0
4503	0
4504	1
4505	0
4506	0
4507	0
4508	0
4509	0
4510	1
4511	1
4512	0
4513	1
4514	1
4515	1
4516	1
4517	0
4518	1
4519	1
4520	1
4521	0
4522	0
4523	1
4524	1
4525	1
4526	1
4527	1
4528	0
4529	0
4530	0
4531	0
4532	0
4533	1
4534	0
4535	1
4536	0
4537	0
4538	0
4539	0
4540	1
4541	0
4542	1
4543	0
4544	1
4545	1
4546	1
4547	0
4548	1
4549	0
4550	1
4551	0
4552	1
4553	0
4554	0
4555	1
4556	1
4557	0
4558	0
4559	1
4560	1
4561	0
4562	0
4563	1
4564	0
4565	1
4566	1
4567	1
4568	0
4569	1
4570	0
4571	0
4572	0
4573	1
4574	1
4575	0
4576	0
4577	0
4578	0
4579	0
4580	0
4581	1
4582	0
4583	0
4584	0
4585	0
4586	1
4587	1
4588	0
4589	1
4590	1
4591	0
4592	0
4593	1
4594	1
4595	0
4596	1
4597	1
4598	0
4599	1
4600	1
4601	0
4602	1
4603	1
4604	0
4605	1
4606	0
4607	0
4608	0
4609	0
4610	1
4611	1
4612	0
4613	1
4614	1
4615	0
4616	1
4617	1
4618	1
4619	1
4620	0
4621	0
4622	1
4623	0
4624	1
4625	0
4626	0
4627	1
4628	1
4629	1
4630	0
4631	1
4632	0
4633	1
4634	1
4635	0
4636	1
4637	0
4638	1
4639	0
4640	0
4641	1
4642	0
4643	1
4644	1
4645	0
4646	0
4647	1
4648	1
4649	0
4650	0
4651	1
4652	0
4653	0
4654	1
4655	0
4656	1
4657	1
4658	0
4659	1
4660	0
4661	0
4662	0
4663	0
4664	1
4665	0
4666	1
4667	0
4668	1
4669	1
4670	1
4671	1
4672	1
4673	1
4674	1
4675	0
4676	0
4677	1
4678	0
4679	1
4680	0
4681	1
4682	1
4683	1
4684	1
4685	0
4686	1
4687	1
4688	1
4689	1
4690	1
4691	0
4692	1
4693	0
4694	0
4695	0
4696	0
4697	0
4698	0
4699	0
4700	0
4701	1
4702	1
4703	0
4704	1
4705	1
4706	0
4707	0
4708	1
4709	1
4710	1
4711	1
4712	1
4713	0
4714	1
4715	1
4716	1
4717	0
4718	0
4719	0
4720	0
4721	0
4722	0
4723	0
4724	1
4725	1
4726	0
4727	1
4728	1
4729	1
4730	1
4731	1
4732	0
4733	0
4734	0
4735	1
4736	1
4737	1
4738	1
4739	1
4740	0
4741	0
4742	1
4743	0
4744	1
4745	1
4746	1
4747	1
4748	1
4749	0
4750	1
4751	1
4752	0
4753	1
4754	1
4755	0
4756	0
4757	1
4758	1
4759	1
4760	1
4761	0
4762	1
4763	0
4764	0
4765	1
4766	0
4767	1
4768	0
4769	1
4770	1
4771	1
4772	0
4773	0
4774	1
4775	0
4776	0
4777	1
4778	1
4779	1
4780	0
4781	1
4782	0
4783	0
4784	0
4785	0
4786	1
4787	0
4788	0
4789	1
4790	0
4791	1
4792	1
4793	0
4794	1
4795	0
4796	1
4797	1
4798	0
4799	0
4800	0
4801	0
4802	1
4803	1
4804	1
4805	1
4806	0
4807	1
4808	1
4809	1
4810	0
4811	0
4812	1
4813	1
4814	1
4815	1
4816	1
4817	0
4818	1
4819	0
4820	0
4821	0
4822	0
4823	0
4824	0
4825	0
4826	1
4827	0
4828	1
4829	0
4830	1
4831	1
4832	0
4833	0
4834	0
4835	0
4836	0
4837	1
4838	1
4839	1
4840	1
4841	1
4842	0
4843	0
4844	1
4845	0
4846	1
4847	1
4848	0
4849	0
4850	0
4851	1
4852	0
4853	1
4854	0
4855	1
4856	1
4857	0
4858	1
4859	0
4860	1
4861	1
4862	1
4863	0
4864	0
4865	1
4866	0
4867	1
4868	0
4869	0
4870	1
4871	0
4872	1
4873	0
4874	0
4875	0
4876	0
4877	0
4878	1
4879	1
4880	0
4881	1
4882	1
4883	1
4884	0
4885	1
4886	0
4887	1
4888	1
4889	0
4890	0
4891	0
4892	1
4893	0
4894	1
4895	1
4896	1
4897	1
4898	1
4899	1
4900	0
4901	1
4902	1
4903	0
4904	1
4905	1
4906	0
4907	1
4908	1
4909	0
4910	0
4911	1
4912	0
4913	0
4914	0
4915	1
4916	0
4917	1
4918	0
4919	0
4920	1
4921	1
4922	0
4923	0
4924	0
4925	0
4926	0
4927	0
4928	0
4929	1
4930	1
4931	1
4932	0
4933	1
4934	1
4935	0
4936	0
4937	0
4938	0
4939	1
4940	0
4941	1
4942	1
4943	0
4944	0
4945	1
4946	1
4947	1
4948	0
4949	1
4950	1
4951	0
4952	0
4953	0
4954	0
4955	0
4956	1
4957	0
4958	1
4959	1
4960	1
4961	1
4962	1
4963	0
4964	1
4965	0
4966	0
4967	1
4968	0
4969	0
4970	1
4971	0
4972	0
4973	0
4974	1
4975	1
4976	0
4977	1
4978	1
4979	0
4980	0
4981	0
4982	1
4983	1
4984	1
4985	0
4986	1
4987	0
4988	0
4989	0
4990	1
4991	0
4992	0
4993	0
4994	1
4995	1
4996	1
4997	1
4998	1
4999	1
